seed,step,acc0,acc1,frac_pos0,frac_pos1,best_pos0,best_pos1,pick_pos0,pick_pos1,gap0,gap1
1,0,0.266484,0.244505,0.830000,0.880000,0.01108831,0.01219614,0.00810936,0.00882451,0.00297895,0.00337163
1,500,0.467033,0.546703,0.486667,0.116667,0.00980355,0.00659341,0.00797832,0.00400314,0.00182523,0.00259027
1,1000,0.456044,0.453297,0.513333,0.406667,0.00784929,0.00774635,0.00519124,0.00524680,0.00265806,0.00249955
1,2000,0.521978,0.469780,0.376667,0.443333,0.00666148,0.00815913,0.00427891,0.00539123,0.00238257,0.00276791
1,3000,0.615385,0.478022,0.410000,0.266667,0.00790673,0.00690247,0.00634325,0.00394918,0.00156348,0.00295330
1,5000,0.620879,0.478022,0.410000,0.250000,0.00781739,0.00677656,0.00634325,0.00369963,0.00147414,0.00307692
1,8000,0.629121,0.480769,0.333333,0.443333,0.00953297,0.00687846,0.00728022,0.00431711,0.00225275,0.00256135
1,12000,0.629121,0.491758,0.276667,0.340000,0.00731497,0.00681426,0.00582550,0.00412088,0.00148947,0.00269339
1,20000,0.722527,0.620879,0.120000,0.086667,0.00595238,0.00549451,0.00442613,0.00232460,0.00152625,0.00316991
1,30000,0.821429,0.708791,0.000000,0.010000,-1.00000000,0.00549451,-1.00000000,-0.00091575,-1.00000000,0.00641026
1,50000,0.887363,0.739011,0.000000,0.000000,-1.00000000,-1.00000000,-1.00000000,-1.00000000,-1.00000000,-1.00000000
1,80000,0.912088,0.752747,0.000000,0.000000,-1.00000000,-1.00000000,-1.00000000,-1.00000000,-1.00000000,-1.00000000
1,120000,0.914835,0.758242,0.000000,0.000000,-1.00000000,-1.00000000,-1.00000000,-1.00000000,-1.00000000,-1.00000000
1,200000,0.917582,0.758242,0.000000,0.000000,-1.00000000,-1.00000000,-1.00000000,-1.00000000,-1.00000000,-1.00000000
1,300000,0.923077,0.760989,0.000000,0.000000,-1.00000000,-1.00000000,-1.00000000,-1.00000000,-1.00000000,-1.00000000
2,0,0.282967,0.285714,0.820000,0.833333,0.01301036,0.01272527,0.00993925,0.00972527,0.00307112,0.00300000
2,500,0.535714,0.431319,0.340000,0.543333,0.00824176,0.00837659,0.00511743,0.00520798,0.00312433,0.00316861
2,1000,0.505495,0.458791,0.380000,0.620000,0.00756699,0.00837469,0.00510893,0.00539111,0.00245807,0.00298358
2,2000,0.502747,0.467033,0.536667,0.433333,0.00952153,0.00741758,0.00721794,0.00469146,0.00230360,0.00272612
2,3000,0.532967,0.513736,0.586667,0.330000,0.00945929,0.00715951,0.00738324,0.00352425,0.00207605,0.00363525
2,5000,0.549451,0.486264,0.476667,0.380000,0.00820334,0.00739830,0.00551372,0.00441006,0.00268962,0.00298824
2,8000,0.486264,0.486264,0.416667,0.370000,0.00802198,0.00804376,0.00509890,0.00480150,0.00292308,0.00324225
2,12000,0.612637,0.464286,0.280000,0.630000,0.00801282,0.00928833,0.00605050,0.00654108,0.00196232,0.00274725
2,20000,0.681319,0.535714,0.193333,0.306667,0.00544714,0.00624104,0.00369458,0.00232919,0.00175256,0.00391185
2,30000,0.793956,0.711538,0.023333,0.000000,0.00392465,-1.00000000,0.00235479,-1.00000000,0.00156986,-1.00000000
2,50000,0.892857,0.739011,0.000000,0.000000,-1.00000000,-1.00000000,-1.00000000,-1.00000000,-1.00000000,-1.00000000
2,80000,0.901099,0.747253,0.003333,0.000000,0.00274725,-1.00000000,0.00274725,-1.00000000,0.00000000,-1.00000000
2,120000,0.912088,0.760989,0.000000,0.000000,-1.00000000,-1.00000000,-1.00000000,-1.00000000,-1.00000000,-1.00000000
2,200000,0.914835,0.771978,0.000000,0.000000,-1.00000000,-1.00000000,-1.00000000,-1.00000000,-1.00000000,-1.00000000
2,300000,0.931319,0.777473,0.000000,0.000000,-1.00000000,-1.00000000,-1.00000000,-1.00000000,-1.00000000,-1.00000000
3,0,0.247253,0.200549,0.886667,0.913333,0.01320953,0.01522018,0.01082376,0.01242280,0.00238577,0.00279739
3,500,0.461538,0.420330,0.563333,0.630000,0.00777034,0.00908483,0.00490929,0.00641026,0.00286104,0.00267457
3,1000,0.483516,0.428571,0.566667,0.630000,0.00840336,0.00883772,0.00620556,0.00614861,0.00219780,0.00268911
3,2000,0.489011,0.489011,0.463333,0.350000,0.00911139,0.00664574,0.00630485,0.00290424,0.00280655,0.00374150
3,3000,0.521978,0.491758,0.426667,0.226667,0.00671789,0.00642372,0.00414234,0.00367647,0.00257555,0.00274725
3,5000,0.585165,0.453297,0.290000,0.520000,0.00663130,0.00906946,0.00432613,0.00628698,0.00230517,0.00278247
3,8000,0.648352,0.483516,0.230000,0.396667,0.00796305,0.00819559,0.00692785,0.00554068,0.00103520,0.00265491
3,12000,0.629121,0.505495,0.263333,0.246667,0.00639866,0.00683101,0.00483377,0.00415800,0.00156489,0.00267300
3,20000,0.780220,0.576923,0.026667,0.126667,0.00343407,0.00650665,0.00034341,0.00325333,0.00309066,0.00325333
3,30000,0.881868,0.717033,0.010000,0.006667,0.00274725,0.00412088,0.00274725,0.00137363,0.00000000,0.00274725
3,50000,0.906593,0.728022,0.000000,0.000000,-1.00000000,-1.00000000,-1.00000000,-1.00000000,-1.00000000,-1.00000000
3,80000,0.909341,0.752747,0.000000,0.000000,-1.00000000,-1.00000000,-1.00000000,-1.00000000,-1.00000000,-1.00000000
3,120000,0.920330,0.758242,0.000000,0.000000,-1.00000000,-1.00000000,-1.00000000,-1.00000000,-1.00000000,-1.00000000
3,200000,0.920330,0.766484,0.000000,0.000000,-1.00000000,-1.00000000,-1.00000000,-1.00000000,-1.00000000,-1.00000000
3,300000,0.920330,0.785714,0.000000,0.000000,-1.00000000,-1.00000000,-1.00000000,-1.00000000,-1.00000000,-1.00000000
4,0,0.269231,0.236264,0.863333,0.876667,0.01279223,0.01293193,0.01002376,0.01002799,0.00276847,0.00290394
4,500,0.494505,0.461538,0.506667,0.476667,0.00921776,0.00708906,0.00647050,0.00430339,0.00274725,0.00278568
4,1000,0.486264,0.521978,0.413333,0.203333,0.00895073,0.00544947,0.00631425,0.00238696,0.00263648,0.00306251
4,2000,0.494505,0.450549,0.513333,0.480000,0.00888397,0.00833715,0.00658270,0.00545635,0.00230127,0.00288080
4,3000,0.563187,0.456044,0.340000,0.483333,0.00775695,0.00858280,0.00638332,0.00606290,0.00137363,0.00251989
4,5000,0.579670,0.510989,0.526667,0.256667,0.00848519,0.00624376,0.00672903,0.00292565,0.00175616,0.00331811
4,8000,0.656593,0.472527,0.250000,0.336667,0.00673993,0.00758895,0.00509158,0.00435208,0.00164835,0.00323686
4,12000,0.634615,0.478022,0.236667,0.616667,0.00630707,0.00861301,0.00441108,0.00583606,0.00189599,0.00277695
4,20000,0.788462,0.543956,0.060000,0.220000,0.00473138,0.00582751,0.00427350,0.00316350,0.00045788,0.00266400
4,30000,0.881868,0.697802,0.003333,0.006667,0.00274725,0.00274725,0.00274725,-0.00274725,0.00000000,0.00549451
4,50000,0.901099,0.722527,0.000000,0.000000,-1.00000000,-1.00000000,-1.00000000,-1.00000000,-1.00000000,-1.00000000
4,80000,0.909341,0.730769,0.000000,0.000000,-1.00000000,-1.00000000,-1.00000000,-1.00000000,-1.00000000,-1.00000000
4,120000,0.923077,0.730769,0.000000,0.000000,-1.00000000,-1.00000000,-1.00000000,-1.00000000,-1.00000000,-1.00000000
4,200000,0.923077,0.755495,0.000000,0.000000,-1.00000000,-1.00000000,-1.00000000,-1.00000000,-1.00000000,-1.00000000
4,300000,0.928571,0.769231,0.000000,0.000000,-1.00000000,-1.00000000,-1.00000000,-1.00000000,-1.00000000,-1.00000000
5,0,0.250000,0.239011,0.823333,0.903333,0.01226810,0.01402011,0.00927615,0.01112080,0.00299195,0.00289931
5,500,0.568681,0.453297,0.433333,0.540000,0.00809383,0.00781780,0.00642434,0.00547755,0.00166948,0.00234025
5,1000,0.571429,0.450549,0.436667,0.463333,0.00713027,0.00936833,0.00482342,0.00677919,0.00230685,0.00258914
5,2000,0.521978,0.502747,0.376667,0.320000,0.00819313,0.00804144,0.00515414,0.00495078,0.00303900,0.00309066
5,3000,0.593407,0.445055,0.230000,0.606667,0.00469820,0.00889083,0.00230928,0.00547941,0.00238892,0.00341142
5,5000,0.576923,0.469780,0.310000,0.493333,0.00611485,0.00991238,0.00496278,0.00716513,0.00115207,0.00274725
5,8000,0.565934,0.530220,0.516667,0.176667,0.00827721,0.00580552,0.00638072,0.00243624,0.00189649,0.00336927
5,12000,0.656593,0.489011,0.226667,0.296667,0.00658533,0.00743919,0.00480769,0.00373503,0.00177763,0.00370416
5,20000,0.686813,0.565934,0.206667,0.243333,0.00651365,0.00572031,0.00487416,0.00334939,0.00163949,0.00237092
5,30000,0.879121,0.695055,0.006667,0.003333,0.00412088,0.00274725,0.00137363,-0.00549451,0.00274725,0.00824176
5,50000,0.909341,0.722527,0.000000,0.000000,-1.00000000,-1.00000000,-1.00000000,-1.00000000,-1.00000000,-1.00000000
5,80000,0.912088,0.728022,0.000000,0.000000,-1.00000000,-1.00000000,-1.00000000,-1.00000000,-1.00000000,-1.00000000
5,120000,0.920330,0.747253,0.000000,0.000000,-1.00000000,-1.00000000,-1.00000000,-1.00000000,-1.00000000,-1.00000000
5,200000,0.950549,0.752747,0.000000,0.000000,-1.00000000,-1.00000000,-1.00000000,-1.00000000,-1.00000000,-1.00000000
5,300000,0.956044,0.758242,0.000000,0.006667,-1.00000000,0.00274725,-1.00000000,0.00274725,-1.00000000,0.00000000
6,0,0.293956,0.288462,0.796667,0.776667,0.01157524,0.01127199,0.00878201,0.00784087,0.00279323,0.00343112
6,500,0.530220,0.491758,0.400000,0.433333,0.00803571,0.00731192,0.00540293,0.00418428,0.00263278,0.00312764
6,1000,0.549451,0.489011,0.460000,0.463333,0.00786351,0.00715472,0.00621118,0.00399241,0.00165233,0.00316231
6,2000,0.519231,0.475275,0.523333,0.413333,0.00741933,0.00766572,0.00552950,0.00536157,0.00188983,0.00230415
6,3000,0.519231,0.447802,0.346667,0.676667,0.00663039,0.00868836,0.00369822,0.00534564,0.00293216,0.00334272
6,5000,0.480769,0.483516,0.456667,0.416667,0.00790086,0.00709890,0.00465228,0.00336264,0.00324858,0.00373626
6,8000,0.609890,0.489011,0.226667,0.446667,0.00694893,0.00934886,0.00496930,0.00606856,0.00197964,0.00328030
6,12000,0.590659,0.524725,0.453333,0.220000,0.00775695,0.00653513,0.00601972,0.00374625,0.00173723,0.00278888
6,20000,0.750000,0.576923,0.053333,0.216667,0.00532280,0.00638208,0.00326236,0.00300085,0.00206044,0.00338123
6,30000,0.832418,0.667582,0.020000,0.043333,0.00412088,0.00591716,0.00412088,0.00316991,0.00000000,0.00274725
6,50000,0.895604,0.741758,0.000000,0.000000,-1.00000000,-1.00000000,-1.00000000,-1.00000000,-1.00000000,-1.00000000
6,80000,0.895604,0.747253,0.000000,0.000000,-1.00000000,-1.00000000,-1.00000000,-1.00000000,-1.00000000,-1.00000000
6,120000,0.912088,0.755495,0.000000,0.000000,-1.00000000,-1.00000000,-1.00000000,-1.00000000,-1.00000000,-1.00000000
6,200000,0.923077,0.758242,0.000000,0.000000,-1.00000000,-1.00000000,-1.00000000,-1.00000000,-1.00000000,-1.00000000
6,300000,0.931319,0.763736,0.000000,0.000000,-1.00000000,-1.00000000,-1.00000000,-1.00000000,-1.00000000,-1.00000000
7,0,0.258242,0.296703,0.900000,0.740000,0.01325804,0.00934313,0.01063289,0.00631126,0.00262515,0.00303188
7,500,0.530220,0.475275,0.503333,0.413333,0.00751401,0.00737770,0.00523979,0.00434243,0.00227422,0.00303527
7,1000,0.554945,0.423077,0.493333,0.713333,0.00902138,0.00935863,0.00748069,0.00676543,0.00154069,0.00259320
7,2000,0.587912,0.453297,0.440000,0.553333,0.00776307,0.00799351,0.00559857,0.00417053,0.00216450,0.00382298
7,3000,0.598901,0.478022,0.396667,0.380000,0.00717979,0.00759109,0.00496352,0.00467515,0.00221627,0.00291594
7,5000,0.571429,0.489011,0.440000,0.420000,0.00878288,0.00730420,0.00661838,0.00464417,0.00216450,0.00266004
7,8000,0.612637,0.478022,0.246667,0.486667,0.00582863,0.00792187,0.00393525,0.00513699,0.00189338,0.00278489
7,12000,0.631868,0.505495,0.276667,0.383333,0.00668608,0.00673674,0.00539521,0.00329670,0.00129088,0.00344004
7,20000,0.711538,0.587912,0.130000,0.150000,0.00619893,0.00482295,0.00387433,0.00170940,0.00232460,0.00311355
7,30000,0.879121,0.670330,0.000000,0.020000,-1.00000000,0.00320513,-1.00000000,0.00091575,-1.00000000,0.00228938
7,50000,0.901099,0.730769,0.000000,0.000000,-1.00000000,-1.00000000,-1.00000000,-1.00000000,-1.00000000,-1.00000000
7,80000,0.920330,0.760989,0.000000,0.000000,-1.00000000,-1.00000000,-1.00000000,-1.00000000,-1.00000000,-1.00000000
7,120000,0.923077,0.766484,0.000000,0.000000,-1.00000000,-1.00000000,-1.00000000,-1.00000000,-1.00000000,-1.00000000
7,200000,0.925824,0.777473,0.000000,0.000000,-1.00000000,-1.00000000,-1.00000000,-1.00000000,-1.00000000,-1.00000000
7,300000,0.925824,0.777473,0.000000,0.000000,-1.00000000,-1.00000000,-1.00000000,-1.00000000,-1.00000000,-1.00000000
8,0,0.225275,0.228022,0.960000,0.906667,0.01399382,0.01499879,0.01102717,0.01260504,0.00296665,0.00239375
8,500,0.568681,0.478022,0.253333,0.383333,0.00603673,0.00785953,0.00365095,0.00453894,0.00238577,0.00332059
8,1000,0.546703,0.423077,0.543333,0.583333,0.00923616,0.00874411,0.00734848,0.00562009,0.00188768,0.00312402
8,2000,0.535714,0.423077,0.333333,0.553333,0.00604396,0.00847345,0.00296703,0.00524626,0.00307692,0.00322719
8,3000,0.543956,0.453297,0.470000,0.653333,0.00810537,0.01006392,0.00644922,0.00733068,0.00165615,0.00273324
8,5000,0.541209,0.450549,0.380000,0.520000,0.00727781,0.00788955,0.00549451,0.00491336,0.00178330,0.00297619
8,8000,0.571429,0.469780,0.486667,0.596667,0.00878745,0.00951562,0.00588966,0.00670698,0.00289779,0.00280864
8,12000,0.629121,0.541209,0.286667,0.276667,0.00741119,0.00688468,0.00559034,0.00387263,0.00182085,0.00301205
8,20000,0.755495,0.543956,0.110000,0.176667,0.00507826,0.00471698,0.00407925,0.00186606,0.00099900,0.00285092
8,30000,0.851648,0.623626,0.003333,0.036667,0.00274725,0.00399600,-0.00274725,-0.00049950,0.00549451,0.00449550
8,50000,0.901099,0.725275,0.000000,0.000000,-1.00000000,-1.00000000,-1.00000000,-1.00000000,-1.00000000,-1.00000000
8,80000,0.912088,0.739011,0.000000,0.000000,-1.00000000,-1.00000000,-1.00000000,-1.00000000,-1.00000000,-1.00000000
8,120000,0.917582,0.747253,0.000000,0.000000,-1.00000000,-1.00000000,-1.00000000,-1.00000000,-1.00000000,-1.00000000
8,200000,0.917582,0.752747,0.000000,0.000000,-1.00000000,-1.00000000,-1.00000000,-1.00000000,-1.00000000,-1.00000000
8,300000,0.923077,0.752747,0.000000,0.000000,-1.00000000,-1.00000000,-1.00000000,-1.00000000,-1.00000000,-1.00000000
9,0,0.211538,0.258242,0.933333,0.876667,0.01505102,0.01369448,0.01238226,0.01037271,0.00266876,0.00332177
9,500,0.527473,0.469780,0.323333,0.480000,0.00960122,0.00818452,0.00750538,0.00505571,0.00209584,0.00312882
9,1000,0.453297,0.414835,0.633333,0.693333,0.00880567,0.00997200,0.00620301,0.00633981,0.00260266,0.00363219
9,2000,0.524725,0.497253,0.360000,0.450000,0.00686813,0.00858771,0.00371388,0.00551486,0.00315425,0.00307285
9,3000,0.491758,0.489011,0.450000,0.393333,0.00891331,0.00682157,0.00604396,0.00444682,0.00286935,0.00237474
9,5000,0.502747,0.450549,0.493333,0.526667,0.00837170,0.00891988,0.00616276,0.00674642,0.00220894,0.00217346
9,8000,0.609890,0.494505,0.426667,0.430000,0.00764080,0.00728341,0.00598815,0.00413153,0.00165264,0.00315189
9,12000,0.634615,0.494505,0.263333,0.376667,0.00622479,0.00860644,0.00424259,0.00605368,0.00198220,0.00255276
9,20000,0.736264,0.560440,0.126667,0.246667,0.00542221,0.00657113,0.00419318,0.00282150,0.00122903,0.00374963
9,30000,0.870879,0.659341,0.003333,0.050000,0.00274725,0.00476190,0.00274725,0.00183150,0.00000000,0.00293040
9,50000,0.890110,0.766484,0.000000,0.000000,-1.00000000,-1.00000000,-1.00000000,-1.00000000,-1.00000000,-1.00000000
9,80000,0.906593,0.774725,0.000000,0.003333,-1.00000000,0.00549451,-1.00000000,0.00549451,-1.00000000,0.00000000
9,120000,0.931319,0.780220,0.000000,0.000000,-1.00000000,-1.00000000,-1.00000000,-1.00000000,-1.00000000,-1.00000000
9,200000,0.947802,0.780220,0.000000,0.000000,-1.00000000,-1.00000000,-1.00000000,-1.00000000,-1.00000000,-1.00000000
9,300000,0.950549,0.780220,0.000000,0.000000,-1.00000000,-1.00000000,-1.00000000,-1.00000000,-1.00000000,-1.00000000
10,0,0.258242,0.258242,0.856667,0.843333,0.01263522,0.01375798,0.00983452,0.01142336,0.00280070,0.00233462
10,500,0.502747,0.450549,0.336667,0.600000,0.00780655,0.00863858,0.00454249,0.00543346,0.00326406,0.00320513
10,1000,0.486264,0.461538,0.513333,0.500000,0.00779578,0.00952381,0.00462038,0.00653846,0.00317540,0.00298535
10,2000,0.486264,0.458791,0.506667,0.510000,0.00900087,0.00842132,0.00630784,0.00506356,0.00269303,0.00335775
10,3000,0.491758,0.469780,0.510000,0.470000,0.00957049,0.00748188,0.00698485,0.00450082,0.00258565,0.00298106
10,5000,0.480769,0.442308,0.420000,0.396667,0.00830717,0.00810324,0.00505843,0.00528673,0.00324874,0.00281651
10,8000,0.557692,0.472527,0.340000,0.363333,0.00778388,0.00811574,0.00614092,0.00546930,0.00164296,0.00264644
10,12000,0.626374,0.491758,0.286667,0.340000,0.00568617,0.00791855,0.00396116,0.00479423,0.00172502,0.00312433
10,20000,0.736264,0.560440,0.146667,0.273333,0.00505744,0.00706915,0.00312188,0.00328330,0.00193556,0.00378585
10,30000,0.862637,0.670330,0.006667,0.003333,0.00274725,0.00274725,0.00274725,-0.00549451,0.00000000,0.00824176
10,50000,0.909341,0.725275,0.000000,0.003333,-1.00000000,0.00274725,-1.00000000,0.00274725,-1.00000000,0.00000000
10,80000,0.920330,0.741758,0.000000,0.000000,-1.00000000,-1.00000000,-1.00000000,-1.00000000,-1.00000000,-1.00000000
10,120000,0.939560,0.758242,0.000000,0.000000,-1.00000000,-1.00000000,-1.00000000,-1.00000000,-1.00000000,-1.00000000
10,200000,0.939560,0.763736,0.000000,0.000000,-1.00000000,-1.00000000,-1.00000000,-1.00000000,-1.00000000,-1.00000000
10,300000,0.939560,0.777473,0.000000,0.000000,-1.00000000,-1.00000000,-1.00000000,-1.00000000,-1.00000000,-1.00000000
11,0,0.266484,0.233516,0.910000,0.930000,0.01154249,0.01310607,0.00823170,0.00994525,0.00331079,0.00316082
11,500,0.461538,0.431319,0.623333,0.576667,0.00968149,0.00933748,0.00702239,0.00717779,0.00265911,0.00215969
11,1000,0.500000,0.486264,0.473333,0.403333,0.00839653,0.00715194,0.00520430,0.00415494,0.00319223,0.00299700
11,2000,0.543956,0.453297,0.476667,0.536667,0.00772305,0.00846359,0.00514870,0.00580165,0.00257435,0.00266193
11,3000,0.502747,0.483516,0.533333,0.516667,0.00719437,0.00907480,0.00463599,0.00576037,0.00255838,0.00331443
11,5000,0.596154,0.500000,0.346667,0.376667,0.00633981,0.00790139,0.00454353,0.00488671,0.00179628,0.00301468
11,8000,0.612637,0.532967,0.193333,0.253333,0.00776809,0.00769954,0.00615764,0.00451851,0.00161046,0.00318103
11,12000,0.629121,0.521978,0.293333,0.286667,0.00711788,0.00677230,0.00605644,0.00354587,0.00106144,0.00322642
11,20000,0.706044,0.607143,0.106667,0.113333,0.00489354,0.00460569,0.00137363,0.00105042,0.00351992,0.00355527
11,30000,0.862637,0.711538,0.000000,0.000000,-1.00000000,-1.00000000,-1.00000000,-1.00000000,-1.00000000,-1.00000000
11,50000,0.881868,0.725275,0.000000,0.000000,-1.00000000,-1.00000000,-1.00000000,-1.00000000,-1.00000000,-1.00000000
11,80000,0.890110,0.728022,0.000000,0.000000,-1.00000000,-1.00000000,-1.00000000,-1.00000000,-1.00000000,-1.00000000
11,120000,0.901099,0.730769,0.000000,0.000000,-1.00000000,-1.00000000,-1.00000000,-1.00000000,-1.00000000,-1.00000000
11,200000,0.906593,0.755495,0.000000,0.000000,-1.00000000,-1.00000000,-1.00000000,-1.00000000,-1.00000000,-1.00000000
11,300000,0.909341,0.755495,0.000000,0.000000,-1.00000000,-1.00000000,-1.00000000,-1.00000000,-1.00000000,-1.00000000
12,0,0.244505,0.302198,0.886667,0.850000,0.01472775,0.01209869,0.01225936,0.00910364,0.00246840,0.00299504
12,500,0.563187,0.456044,0.296667,0.436667,0.00672923,0.00778039,0.00435239,0.00568325,0.00237684,0.00209714
12,1000,0.505495,0.417582,0.470000,0.616667,0.00921596,0.00908821,0.00670252,0.00610336,0.00251344,0.00298485
12,2000,0.549451,0.445055,0.380000,0.586667,0.00785618,0.00753934,0.00532581,0.00474525,0.00253036,0.00279408
12,3000,0.557692,0.478022,0.433333,0.370000,0.00693153,0.00747451,0.00488166,0.00418275,0.00204987,0.00329175
12,5000,0.557692,0.436813,0.400000,0.646667,0.00684524,0.00919055,0.00446429,0.00600430,0.00238095,0.00318625
12,8000,0.576923,0.442308,0.433333,0.686667,0.00862215,0.00972207,0.00705833,0.00665475,0.00156382,0.00306732
12,12000,0.651099,0.489011,0.183333,0.433333,0.00604396,0.00836855,0.00439560,0.00462806,0.00164835,0.00374049
12,20000,0.700549,0.549451,0.126667,0.176667,0.00448236,0.00580552,0.00202429,0.00191789,0.00245807,0.00388762
12,30000,0.848901,0.678571,0.023333,0.013333,0.00392465,0.00274725,0.00000000,-0.00137363,0.00392465,0.00412088
12,50000,0.909341,0.728022,0.000000,0.000000,-1.00000000,-1.00000000,-1.00000000,-1.00000000,-1.00000000,-1.00000000
12,80000,0.928571,0.730769,0.000000,0.000000,-1.00000000,-1.00000000,-1.00000000,-1.00000000,-1.00000000,-1.00000000
12,120000,0.931319,0.739011,0.000000,0.000000,-1.00000000,-1.00000000,-1.00000000,-1.00000000,-1.00000000,-1.00000000
12,200000,0.931319,0.739011,0.000000,0.000000,-1.00000000,-1.00000000,-1.00000000,-1.00000000,-1.00000000,-1.00000000
12,300000,0.934066,0.739011,0.000000,0.000000,-1.00000000,-1.00000000,-1.00000000,-1.00000000,-1.00000000,-1.00000000
13,0,0.228022,0.260989,0.916667,0.820000,0.01433566,0.01172608,0.01166833,0.00873314,0.00266733,0.00299294
13,500,0.486264,0.461538,0.240000,0.413333,0.00621947,0.00757710,0.00419719,0.00498493,0.00202228,0.00259217
13,1000,0.505495,0.500000,0.320000,0.323333,0.00703984,0.00951626,0.00409226,0.00631585,0.00294757,0.00320041
13,2000,0.587912,0.494505,0.400000,0.343333,0.00760073,0.00640137,0.00560897,0.00322736,0.00199176,0.00317401
13,3000,0.557692,0.445055,0.460000,0.510000,0.00740564,0.00834949,0.00579312,0.00572793,0.00161252,0.00262156
13,5000,0.590659,0.475275,0.330000,0.396667,0.00666001,0.00821867,0.00435675,0.00602549,0.00230325,0.00219318
13,8000,0.571429,0.497253,0.350000,0.320000,0.00703820,0.00589515,0.00484040,0.00309066,0.00219780,0.00280449
13,12000,0.587912,0.513736,0.256667,0.300000,0.00699301,0.00683761,0.00435279,0.00375458,0.00264022,0.00308303
13,20000,0.733516,0.568681,0.103333,0.103333,0.00487416,0.00567175,0.00177242,0.00230415,0.00310174,0.00336760
13,30000,0.868132,0.681319,0.033333,0.000000,0.00357143,-1.00000000,0.00109890,-1.00000000,0.00247253,-1.00000000
13,50000,0.945055,0.730769,0.000000,0.000000,-1.00000000,-1.00000000,-1.00000000,-1.00000000,-1.00000000,-1.00000000
13,80000,0.945055,0.750000,0.000000,0.000000,-1.00000000,-1.00000000,-1.00000000,-1.00000000,-1.00000000,-1.00000000
13,120000,0.964286,0.750000,0.000000,0.000000,-1.00000000,-1.00000000,-1.00000000,-1.00000000,-1.00000000,-1.00000000
13,200000,0.967033,0.766484,0.000000,0.000000,-1.00000000,-1.00000000,-1.00000000,-1.00000000,-1.00000000,-1.00000000
13,300000,0.969780,0.769231,0.000000,0.000000,-1.00000000,-1.00000000,-1.00000000,-1.00000000,-1.00000000,-1.00000000
14,0,0.247253,0.250000,0.833333,0.896667,0.01241758,0.01179582,0.00935165,0.00854814,0.00306593,0.00324768
14,500,0.450549,0.475275,0.630000,0.436667,0.00888133,0.00677376,0.00629397,0.00404748,0.00258736,0.00272628
14,1000,0.532967,0.456044,0.420000,0.450000,0.00913571,0.00862841,0.00651927,0.00547416,0.00261643,0.00315425
14,2000,0.491758,0.480769,0.466667,0.450000,0.00951727,0.00775336,0.00720173,0.00496540,0.00231554,0.00278795
14,3000,0.489011,0.489011,0.500000,0.343333,0.00789377,0.00826843,0.00505495,0.00586792,0.00283883,0.00240051
14,5000,0.571429,0.464286,0.546667,0.326667,0.00775596,0.00734470,0.00579603,0.00440121,0.00195993,0.00294349
14,8000,0.483516,0.541209,0.453333,0.163333,0.00743374,0.00532631,0.00416128,0.00229872,0.00327246,0.00302758
14,12000,0.620879,0.516484,0.333333,0.223333,0.00620879,0.00602755,0.00480769,0.00266525,0.00140110,0.00336231
14,20000,0.766484,0.612637,0.050000,0.053333,0.00476190,0.00429258,0.00384615,0.00137363,0.00091575,0.00291896
14,30000,0.859890,0.706044,0.003333,0.000000,0.00274725,-1.00000000,-0.00549451,-1.00000000,0.00824176,-1.00000000
14,50000,0.901099,0.722527,0.000000,0.003333,-1.00000000,0.00549451,-1.00000000,0.00549451,-1.00000000,0.00000000
14,80000,0.909341,0.725275,0.000000,0.000000,-1.00000000,-1.00000000,-1.00000000,-1.00000000,-1.00000000,-1.00000000
14,120000,0.912088,0.733516,0.000000,0.000000,-1.00000000,-1.00000000,-1.00000000,-1.00000000,-1.00000000,-1.00000000
14,200000,0.914835,0.741758,0.000000,0.000000,-1.00000000,-1.00000000,-1.00000000,-1.00000000,-1.00000000,-1.00000000
14,300000,0.917582,0.741758,0.000000,0.000000,-1.00000000,-1.00000000,-1.00000000,-1.00000000,-1.00000000,-1.00000000
15,0,0.208791,0.241758,0.923333,0.936667,0.01301226,0.01415666,0.01004681,0.01145829,0.00296545,0.00269837
15,500,0.491758,0.445055,0.436667,0.556667,0.00887090,0.00889978,0.00671085,0.00639929,0.00216005,0.00250049
15,1000,0.538462,0.472527,0.183333,0.520000,0.00594406,0.00794238,0.00294705,0.00473725,0.00299700,0.00320513
15,2000,0.519231,0.467033,0.413333,0.466667,0.00799805,0.00753532,0.00593761,0.00378728,0.00206044,0.00374804
15,3000,0.530220,0.453297,0.210000,0.496667,0.00579976,0.00796519,0.00287807,0.00492293,0.00292168,0.00304226
15,5000,0.483516,0.461538,0.430000,0.403333,0.00773064,0.00887749,0.00511117,0.00603942,0.00261947,0.00283807
15,8000,0.604396,0.502747,0.320000,0.430000,0.00807005,0.00700656,0.00672505,0.00419542,0.00134501,0.00281114
15,12000,0.678571,0.494505,0.310000,0.360000,0.00620347,0.00669007,0.00381071,0.00432438,0.00239277,0.00236569
15,20000,0.785714,0.585165,0.026667,0.110000,0.00515110,0.00441225,0.00171703,0.00116550,0.00343407,0.00324675
15,30000,0.876374,0.703297,0.000000,0.000000,-1.00000000,-1.00000000,-1.00000000,-1.00000000,-1.00000000,-1.00000000
15,50000,0.912088,0.714286,0.000000,0.000000,-1.00000000,-1.00000000,-1.00000000,-1.00000000,-1.00000000,-1.00000000
15,80000,0.914835,0.736264,0.000000,0.000000,-1.00000000,-1.00000000,-1.00000000,-1.00000000,-1.00000000,-1.00000000
15,120000,0.920330,0.741758,0.000000,0.000000,-1.00000000,-1.00000000,-1.00000000,-1.00000000,-1.00000000,-1.00000000
15,200000,0.923077,0.752747,0.000000,0.000000,-1.00000000,-1.00000000,-1.00000000,-1.00000000,-1.00000000,-1.00000000
15,300000,0.942308,0.755495,0.000000,0.000000,-1.00000000,-1.00000000,-1.00000000,-1.00000000,-1.00000000,-1.00000000
16,0,0.271978,0.228022,0.760000,0.933333,0.01147099,0.01540424,0.00804897,0.01240188,0.00342202,0.00300235
16,500,0.478022,0.387363,0.530000,0.740000,0.00895017,0.01197901,0.00661760,0.00915751,0.00233257,0.00282150
16,1000,0.491758,0.442308,0.650000,0.453333,0.00894618,0.00781755,0.00686109,0.00476729,0.00208509,0.00305026
16,2000,0.579670,0.483516,0.450000,0.310000,0.00722426,0.00697152,0.00500611,0.00404703,0.00221815,0.00292449
16,3000,0.557692,0.467033,0.406667,0.586667,0.00905242,0.00995879,0.00668798,0.00711788,0.00236444,0.00284091
16,5000,0.513736,0.469780,0.513333,0.486667,0.00761738,0.00794069,0.00510204,0.00494882,0.00251534,0.00299187
16,8000,0.505495,0.535714,0.526667,0.276667,0.00858951,0.00612339,0.00641605,0.00330994,0.00217346,0.00281345
16,12000,0.568681,0.489011,0.436667,0.490000,0.00729805,0.00878373,0.00526382,0.00564402,0.00203423,0.00313972
16,20000,0.689560,0.634615,0.226667,0.006667,0.00525210,0.00412088,0.00278765,0.00412088,0.00246445,0.00000000
16,30000,0.824176,0.733516,0.020000,0.000000,0.00366300,-1.00000000,-0.00045788,-1.00000000,0.00412088,-1.00000000
16,50000,0.868132,0.744505,0.000000,0.003333,-1.00000000,0.01098901,-1.00000000,0.00274725,-1.00000000,0.00824176
16,80000,0.898352,0.752747,0.000000,0.000000,-1.00000000,-1.00000000,-1.00000000,-1.00000000,-1.00000000,-1.00000000
16,120000,0.901099,0.763736,0.000000,0.000000,-1.00000000,-1.00000000,-1.00000000,-1.00000000,-1.00000000,-1.00000000
16,200000,0.920330,0.763736,0.000000,0.000000,-1.00000000,-1.00000000,-1.00000000,-1.00000000,-1.00000000,-1.00000000
16,300000,0.925824,0.777473,0.000000,0.000000,-1.00000000,-1.00000000,-1.00000000,-1.00000000,-1.00000000,-1.00000000
17,0,0.260989,0.236264,0.886667,0.856667,0.01193919,0.01338350,0.00908866,0.01026211,0.00285053,0.00312139
17,500,0.532967,0.423077,0.403333,0.670000,0.00778767,0.01007326,0.00549451,0.00707998,0.00229316,0.00299328
17,1000,0.579670,0.456044,0.366667,0.486667,0.00791708,0.00777134,0.00591908,0.00487355,0.00199800,0.00289779
17,2000,0.596154,0.483516,0.316667,0.400000,0.00746096,0.00705128,0.00644881,0.00393773,0.00101215,0.00311355
17,3000,0.489011,0.472527,0.520000,0.440000,0.00824176,0.00707626,0.00505424,0.00403763,0.00318752,0.00303863
17,5000,0.480769,0.491758,0.513333,0.366667,0.00820608,0.00696803,0.00597617,0.00379620,0.00222991,0.00317183
17,8000,0.486264,0.450549,0.573333,0.533333,0.00904038,0.00915179,0.00562228,0.00614698,0.00341809,0.00300481
17,12000,0.615385,0.502747,0.416667,0.423333,0.00810989,0.01051311,0.00619780,0.00744138,0.00191209,0.00307173
17,20000,0.730769,0.557692,0.166667,0.230000,0.00604396,0.00617136,0.00428571,0.00294633,0.00175824,0.00322504
17,30000,0.857143,0.692308,0.016667,0.003333,0.00274725,0.00274725,0.00274725,0.00274725,0.00000000,0.00000000
17,50000,0.914835,0.750000,0.000000,0.000000,-1.00000000,-1.00000000,-1.00000000,-1.00000000,-1.00000000,-1.00000000
17,80000,0.917582,0.750000,0.000000,0.000000,-1.00000000,-1.00000000,-1.00000000,-1.00000000,-1.00000000,-1.00000000
17,120000,0.917582,0.763736,0.000000,0.000000,-1.00000000,-1.00000000,-1.00000000,-1.00000000,-1.00000000,-1.00000000
17,200000,0.934066,0.766484,0.000000,0.000000,-1.00000000,-1.00000000,-1.00000000,-1.00000000,-1.00000000,-1.00000000
17,300000,0.934066,0.774725,0.000000,0.000000,-1.00000000,-1.00000000,-1.00000000,-1.00000000,-1.00000000,-1.00000000
18,0,0.208791,0.239011,0.930000,0.926667,0.01600102,0.01417108,0.01339163,0.01095936,0.00260940,0.00321172
18,500,0.527473,0.412088,0.393333,0.776667,0.00735705,0.01085931,0.00544794,0.00812385,0.00190911,0.00273546
18,1000,0.480769,0.431319,0.510000,0.553333,0.00831358,0.00829141,0.00549451,0.00529591,0.00281908,0.00299550
18,2000,0.568681,0.483516,0.396667,0.500000,0.00655647,0.00760073,0.00346292,0.00441392,0.00309355,0.00318681
18,3000,0.538462,0.480769,0.423333,0.353333,0.00752791,0.00704955,0.00521329,0.00393946,0.00231461,0.00311010
18,5000,0.582418,0.472527,0.336667,0.520000,0.00864977,0.00919273,0.00663693,0.00655114,0.00201284,0.00264159
18,8000,0.532967,0.469780,0.393333,0.500000,0.00754330,0.00912088,0.00563420,0.00584249,0.00190911,0.00327839
18,12000,0.590659,0.497253,0.386667,0.376667,0.00748390,0.00707478,0.00566029,0.00333074,0.00182361,0.00374404
18,20000,0.755495,0.571429,0.033333,0.070000,0.00412088,0.00431711,0.00329670,0.00143904,0.00082418,0.00287807
18,30000,0.846154,0.733516,0.003333,0.000000,0.00274725,-1.00000000,-0.01098901,-1.00000000,0.01373626,-1.00000000
18,50000,0.879121,0.744505,0.000000,0.000000,-1.00000000,-1.00000000,-1.00000000,-1.00000000,-1.00000000,-1.00000000
18,80000,0.887363,0.755495,0.000000,0.000000,-1.00000000,-1.00000000,-1.00000000,-1.00000000,-1.00000000,-1.00000000
18,120000,0.898352,0.755495,0.000000,0.000000,-1.00000000,-1.00000000,-1.00000000,-1.00000000,-1.00000000,-1.00000000
18,200000,0.901099,0.758242,0.000000,0.000000,-1.00000000,-1.00000000,-1.00000000,-1.00000000,-1.00000000,-1.00000000
18,300000,0.901099,0.758242,0.000000,0.000000,-1.00000000,-1.00000000,-1.00000000,-1.00000000,-1.00000000,-1.00000000
19,0,0.239011,0.228022,0.970000,0.913333,0.01410445,0.01340539,0.01109286,0.01036737,0.00301159,0.00303802
19,500,0.505495,0.420330,0.423333,0.606667,0.00724669,0.01008332,0.00452107,0.00762287,0.00272562,0.00246045
19,1000,0.565934,0.461538,0.320000,0.496667,0.00729739,0.00844458,0.00535142,0.00543919,0.00194597,0.00300538
19,2000,0.615385,0.453297,0.400000,0.746667,0.00762363,0.00952953,0.00583791,0.00640208,0.00178571,0.00312745
19,3000,0.642857,0.445055,0.263333,0.643333,0.00615524,0.01029152,0.00486855,0.00775779,0.00128669,0.00253374
19,5000,0.615385,0.472527,0.323333,0.363333,0.00742041,0.00665390,0.00589102,0.00423430,0.00152940,0.00241960
19,8000,0.618132,0.483516,0.320000,0.230000,0.00609547,0.00656952,0.00400641,0.00346393,0.00208906,0.00310559
19,12000,0.673077,0.478022,0.186667,0.520000,0.00569074,0.00871724,0.00392465,0.00612849,0.00176609,0.00258876
19,20000,0.766484,0.576923,0.053333,0.153333,0.00549451,0.00609173,0.00274725,0.00322504,0.00274725,0.00286670
19,30000,0.859890,0.695055,0.000000,0.000000,-1.00000000,-1.00000000,-1.00000000,-1.00000000,-1.00000000,-1.00000000
19,50000,0.887363,0.744505,0.000000,0.000000,-1.00000000,-1.00000000,-1.00000000,-1.00000000,-1.00000000,-1.00000000
19,80000,0.898352,0.755495,0.000000,0.000000,-1.00000000,-1.00000000,-1.00000000,-1.00000000,-1.00000000,-1.00000000
19,120000,0.903846,0.760989,0.000000,0.000000,-1.00000000,-1.00000000,-1.00000000,-1.00000000,-1.00000000,-1.00000000
19,200000,0.920330,0.766484,0.000000,0.000000,-1.00000000,-1.00000000,-1.00000000,-1.00000000,-1.00000000,-1.00000000
19,300000,0.923077,0.769231,0.000000,0.000000,-1.00000000,-1.00000000,-1.00000000,-1.00000000,-1.00000000,-1.00000000
20,0,0.252747,0.277473,0.870000,0.810000,0.01295735,0.01237960,0.01021010,0.00911229,0.00274725,0.00326731
20,500,0.516484,0.450549,0.536667,0.476667,0.00994813,0.00710828,0.00822469,0.00391916,0.00172343,0.00318912
20,1000,0.478022,0.456044,0.460000,0.643333,0.00768434,0.00943745,0.00489728,0.00637704,0.00278707,0.00306041
20,2000,0.489011,0.461538,0.430000,0.406667,0.00828435,0.00702576,0.00600562,0.00450369,0.00227873,0.00252207
20,3000,0.508242,0.412088,0.543333,0.616667,0.00866312,0.01048411,0.00665745,0.00791506,0.00200566,0.00256905
20,5000,0.574176,0.467033,0.523333,0.566667,0.00773430,0.00796703,0.00528452,0.00447641,0.00244978,0.00349063
20,8000,0.601648,0.456044,0.330000,0.590000,0.00774226,0.00779164,0.00555001,0.00540138,0.00219225,0.00239027
20,12000,0.615385,0.513736,0.423333,0.310000,0.00648957,0.00578991,0.00456433,0.00277679,0.00192524,0.00301312
20,20000,0.719780,0.557692,0.140000,0.223333,0.00451334,0.00676562,0.00340136,0.00385435,0.00111198,0.00291127
20,30000,0.835165,0.706044,0.026667,0.000000,0.00480769,-1.00000000,0.00171703,-1.00000000,0.00309066,-1.00000000
20,50000,0.931319,0.736264,0.000000,0.003333,-1.00000000,0.00274725,-1.00000000,0.00274725,-1.00000000,0.00000000
20,80000,0.936813,0.744505,0.000000,0.000000,-1.00000000,-1.00000000,-1.00000000,-1.00000000,-1.00000000,-1.00000000
20,120000,0.939560,0.755495,0.000000,0.000000,-1.00000000,-1.00000000,-1.00000000,-1.00000000,-1.00000000,-1.00000000
20,200000,0.942308,0.766484,0.000000,0.000000,-1.00000000,-1.00000000,-1.00000000,-1.00000000,-1.00000000,-1.00000000
20,300000,0.942308,0.774725,0.000000,0.000000,-1.00000000,-1.00000000,-1.00000000,-1.00000000,-1.00000000,-1.00000000
21,0,0.252747,0.293956,0.876667,0.726667,0.01305728,0.00919952,0.01024736,0.00647747,0.00280993,0.00272205
21,500,0.543956,0.483516,0.230000,0.340000,0.00676859,0.00740681,0.00334448,0.00387847,0.00342411,0.00352833
21,1000,0.535714,0.508242,0.430000,0.336667,0.00696397,0.00693613,0.00460005,0.00340007,0.00236392,0.00353607
21,2000,0.497253,0.489011,0.466667,0.420000,0.00802590,0.00763126,0.00567111,0.00418629,0.00235479,0.00344497
21,3000,0.475275,0.467033,0.430000,0.386667,0.00760286,0.00684445,0.00506857,0.00393141,0.00253429,0.00291304
21,5000,0.609890,0.491758,0.320000,0.326667,0.00666781,0.00692420,0.00449290,0.00434514,0.00217491,0.00257905
21,8000,0.607143,0.478022,0.376667,0.460000,0.00763396,0.00844083,0.00573763,0.00549451,0.00189633,0.00294633
21,12000,0.565934,0.500000,0.383333,0.246667,0.00709508,0.00586576,0.00504061,0.00289575,0.00205447,0.00297000
21,20000,0.741758,0.571429,0.063333,0.060000,0.00621747,0.00442613,0.00419318,0.00045788,0.00202429,0.00396825
21,30000,0.870879,0.714286,0.000000,0.003333,-1.00000000,0.00274725,-1.00000000,0.00000000,-1.00000000,0.00274725
21,50000,0.912088,0.725275,0.000000,0.000000,-1.00000000,-1.00000000,-1.00000000,-1.00000000,-1.00000000,-1.00000000
21,80000,0.920330,0.752747,0.000000,0.000000,-1.00000000,-1.00000000,-1.00000000,-1.00000000,-1.00000000,-1.00000000
21,120000,0.925824,0.760989,0.000000,0.000000,-1.00000000,-1.00000000,-1.00000000,-1.00000000,-1.00000000,-1.00000000
21,200000,0.931319,0.760989,0.000000,0.000000,-1.00000000,-1.00000000,-1.00000000,-1.00000000,-1.00000000,-1.00000000
21,300000,0.934066,0.760989,0.000000,0.000000,-1.00000000,-1.00000000,-1.00000000,-1.00000000,-1.00000000,-1.00000000
22,0,0.236264,0.228022,0.873333,0.926667,0.01388306,0.01346944,0.01045424,0.01092972,0.00342882,0.00253973
22,500,0.527473,0.423077,0.320000,0.603333,0.00638164,0.00865157,0.00314789,0.00552486,0.00323375,0.00312671
22,1000,0.458791,0.456044,0.530000,0.483333,0.00953763,0.00771125,0.00672127,0.00471770,0.00281637,0.00299356
22,2000,0.489011,0.494505,0.356667,0.386667,0.00734312,0.00824176,0.00518640,0.00516294,0.00215672,0.00307882
22,3000,0.453297,0.450549,0.496667,0.450000,0.00846301,0.00868946,0.00630577,0.00551486,0.00215724,0.00317460
22,5000,0.634615,0.508242,0.203333,0.353333,0.00932264,0.00717914,0.00761124,0.00417271,0.00171140,0.00300643
22,8000,0.615385,0.497253,0.266667,0.296667,0.00721154,0.00679096,0.00508242,0.00327201,0.00212912,0.00351895
22,12000,0.554945,0.505495,0.430000,0.400000,0.00790101,0.00698260,0.00651674,0.00402930,0.00138427,0.00295330
22,20000,0.673077,0.615385,0.280000,0.053333,0.00732601,0.00412088,0.00523286,-0.00068681,0.00209314,0.00480769
22,30000,0.843407,0.681319,0.020000,0.006667,0.00595238,0.00274725,0.00503663,-0.00412088,0.00091575,0.00686813
22,50000,0.901099,0.739011,0.000000,0.000000,-1.00000000,-1.00000000,-1.00000000,-1.00000000,-1.00000000,-1.00000000
22,80000,0.912088,0.741758,0.000000,0.000000,-1.00000000,-1.00000000,-1.00000000,-1.00000000,-1.00000000,-1.00000000
22,120000,0.936813,0.741758,0.000000,0.000000,-1.00000000,-1.00000000,-1.00000000,-1.00000000,-1.00000000,-1.00000000
22,200000,0.953297,0.741758,0.000000,0.000000,-1.00000000,-1.00000000,-1.00000000,-1.00000000,-1.00000000,-1.00000000
22,300000,0.953297,0.741758,0.000000,0.000000,-1.00000000,-1.00000000,-1.00000000,-1.00000000,-1.00000000,-1.00000000
23,0,0.225275,0.233516,0.826667,0.860000,0.01261742,0.01134040,0.00957107,0.00831630,0.00304635,0.00302411
23,500,0.510989,0.434066,0.463333,0.603333,0.00804411,0.00939530,0.00630485,0.00684536,0.00173927,0.00254994
23,1000,0.502747,0.502747,0.583333,0.336667,0.00926217,0.00742574,0.00706436,0.00408008,0.00219780,0.00334566
23,2000,0.483516,0.447802,0.506667,0.510000,0.00860324,0.00754148,0.00681391,0.00466853,0.00178933,0.00287294
23,3000,0.524725,0.467033,0.316667,0.456667,0.00702718,0.00810139,0.00387507,0.00477260,0.00315211,0.00332879
23,5000,0.645604,0.469780,0.203333,0.436667,0.00612502,0.00807399,0.00436858,0.00547353,0.00175644,0.00260045
23,8000,0.631868,0.431319,0.226667,0.706667,0.00715094,0.00978385,0.00480769,0.00728281,0.00234324,0.00250104
23,12000,0.574176,0.538462,0.393333,0.243333,0.00703110,0.00508054,0.00477277,0.00150534,0.00225833,0.00357519
23,20000,0.725275,0.579670,0.106667,0.166667,0.00583791,0.00692308,0.00351992,0.00390110,0.00231799,0.00302198
23,30000,0.884615,0.692308,0.000000,0.000000,-1.00000000,-1.00000000,-1.00000000,-1.00000000,-1.00000000,-1.00000000
23,50000,0.909341,0.714286,0.000000,0.000000,-1.00000000,-1.00000000,-1.00000000,-1.00000000,-1.00000000,-1.00000000
23,80000,0.925824,0.725275,0.000000,0.000000,-1.00000000,-1.00000000,-1.00000000,-1.00000000,-1.00000000,-1.00000000
23,120000,0.934066,0.741758,0.000000,0.000000,-1.00000000,-1.00000000,-1.00000000,-1.00000000,-1.00000000,-1.00000000
23,200000,0.942308,0.752747,0.000000,0.000000,-1.00000000,-1.00000000,-1.00000000,-1.00000000,-1.00000000,-1.00000000
23,300000,0.950549,0.769231,0.000000,0.000000,-1.00000000,-1.00000000,-1.00000000,-1.00000000,-1.00000000,-1.00000000
24,0,0.255495,0.247253,0.780000,0.806667,0.01144689,0.01195396,0.00867615,0.00899101,0.00277073,0.00296295
24,500,0.502747,0.436813,0.540000,0.503333,0.00788563,0.00844189,0.00534188,0.00518521,0.00254375,0.00325668
24,1000,0.483516,0.464286,0.533333,0.540000,0.00793269,0.00956451,0.00537431,0.00656288,0.00255838,0.00300163
24,2000,0.486264,0.442308,0.610000,0.526667,0.01010328,0.00848519,0.00734102,0.00566838,0.00276227,0.00281680
24,3000,0.549451,0.442308,0.440000,0.676667,0.00809607,0.00936502,0.00593157,0.00678017,0.00216450,0.00258485
24,5000,0.546703,0.464286,0.506667,0.540000,0.00798872,0.00885226,0.00607287,0.00547755,0.00191585,0.00337471
24,8000,0.565934,0.469780,0.343333,0.430000,0.00765497,0.00768805,0.00440094,0.00487691,0.00325403,0.00281114
24,12000,0.543956,0.475275,0.486667,0.563333,0.00878745,0.00921711,0.00690577,0.00632356,0.00188168,0.00289356
24,20000,0.659341,0.535714,0.303333,0.273333,0.00624925,0.00593005,0.00407559,0.00264674,0.00217365,0.00328330
24,30000,0.868132,0.689560,0.003333,0.006667,0.00549451,0.00412088,0.00549451,-0.00274725,0.00000000,0.00686813
24,50000,0.898352,0.739011,0.003333,0.003333,0.00274725,0.00274725,0.00274725,0.00274725,0.00000000,0.00000000
24,80000,0.909341,0.741758,0.000000,0.000000,-1.00000000,-1.00000000,-1.00000000,-1.00000000,-1.00000000,-1.00000000
24,120000,0.920330,0.750000,0.003333,0.000000,0.00274725,-1.00000000,0.00274725,-1.00000000,0.00000000,-1.00000000
24,200000,0.928571,0.760989,0.000000,0.000000,-1.00000000,-1.00000000,-1.00000000,-1.00000000,-1.00000000,-1.00000000
24,300000,0.928571,0.771978,0.000000,0.000000,-1.00000000,-1.00000000,-1.00000000,-1.00000000,-1.00000000,-1.00000000
25,0,0.206044,0.230769,0.940000,0.880000,0.01459356,0.01326798,0.01149560,0.01051032,0.00309797,0.00275766
25,500,0.494505,0.497253,0.516667,0.490000,0.01031549,0.00857816,0.00744417,0.00573746,0.00287132,0.00284070
25,1000,0.532967,0.524725,0.360000,0.303333,0.00737688,0.00709455,0.00455332,0.00428692,0.00282357,0.00280763
25,2000,0.489011,0.447802,0.436667,0.523333,0.00815787,0.00895919,0.00488634,0.00573948,0.00327154,0.00321971
25,3000,0.489011,0.508242,0.603333,0.206667,0.00922834,0.00611485,0.00657216,0.00341191,0.00265618,0.00270294
25,5000,0.574176,0.461538,0.393333,0.450000,0.00791581,0.00728531,0.00561091,0.00400895,0.00230490,0.00327635
25,8000,0.598901,0.483516,0.243333,0.483333,0.00575794,0.00708602,0.00383863,0.00449034,0.00191931,0.00259568
25,12000,0.653846,0.494505,0.233333,0.366667,0.00710361,0.00759241,0.00455259,0.00472028,0.00255102,0.00287213
25,20000,0.752747,0.549451,0.080000,0.210000,0.00492216,0.00850340,0.00354853,0.00540729,0.00137363,0.00309611
25,30000,0.848901,0.711538,0.000000,0.006667,-1.00000000,0.00274725,-1.00000000,0.00274725,-1.00000000,0.00000000
25,50000,0.895604,0.741758,0.000000,0.000000,-1.00000000,-1.00000000,-1.00000000,-1.00000000,-1.00000000,-1.00000000
25,80000,0.909341,0.747253,0.000000,0.000000,-1.00000000,-1.00000000,-1.00000000,-1.00000000,-1.00000000,-1.00000000
25,120000,0.925824,0.747253,0.000000,0.000000,-1.00000000,-1.00000000,-1.00000000,-1.00000000,-1.00000000,-1.00000000
25,200000,0.934066,0.752747,0.000000,0.000000,-1.00000000,-1.00000000,-1.00000000,-1.00000000,-1.00000000,-1.00000000
25,300000,0.936813,0.752747,0.000000,0.000000,-1.00000000,-1.00000000,-1.00000000,-1.00000000,-1.00000000,-1.00000000
26,0,0.263736,0.239011,0.916667,0.823333,0.01178821,0.01199003,0.00895105,0.00899809,0.00283716,0.00299195
26,500,0.508242,0.428571,0.483333,0.670000,0.00898067,0.00870647,0.00704812,0.00594555,0.00193255,0.00276092
26,1000,0.521978,0.439560,0.390000,0.440000,0.00732601,0.00786713,0.00610501,0.00516151,0.00122100,0.00270563
26,2000,0.469780,0.445055,0.470000,0.506667,0.01003429,0.00901894,0.00732601,0.00630784,0.00270828,0.00271110
26,3000,0.563187,0.513736,0.386667,0.386667,0.00670235,0.00724706,0.00388405,0.00355248,0.00281830,0.00369458
26,5000,0.439560,0.445055,0.540000,0.606667,0.00971713,0.00890593,0.00776692,0.00573602,0.00195021,0.00316991
26,8000,0.626374,0.494505,0.373333,0.353333,0.00669643,0.00816401,0.00500392,0.00515758,0.00169250,0.00300643
26,12000,0.579670,0.532967,0.270000,0.193333,0.00627459,0.00601554,0.00461267,0.00274725,0.00166192,0.00326828
26,20000,0.719780,0.601648,0.110000,0.033333,0.00516151,0.00357143,0.00374625,0.00164835,0.00141525,0.00192308
26,30000,0.843407,0.670330,0.016667,0.000000,0.00384615,-1.00000000,0.00384615,-1.00000000,0.00000000,-1.00000000
26,50000,0.912088,0.744505,0.000000,0.000000,-1.00000000,-1.00000000,-1.00000000,-1.00000000,-1.00000000,-1.00000000
26,80000,0.914835,0.747253,0.000000,0.000000,-1.00000000,-1.00000000,-1.00000000,-1.00000000,-1.00000000,-1.00000000
26,120000,0.923077,0.752747,0.000000,0.000000,-1.00000000,-1.00000000,-1.00000000,-1.00000000,-1.00000000,-1.00000000
26,200000,0.928571,0.755495,0.000000,0.000000,-1.00000000,-1.00000000,-1.00000000,-1.00000000,-1.00000000,-1.00000000
26,300000,0.931319,0.755495,0.000000,0.000000,-1.00000000,-1.00000000,-1.00000000,-1.00000000,-1.00000000,-1.00000000
27,0,0.247253,0.252747,0.836667,0.903333,0.01184274,0.01268197,0.00910643,0.01019829,0.00273631,0.00248368
27,500,0.483516,0.442308,0.443333,0.556667,0.00733289,0.00916299,0.00483351,0.00705731,0.00249938,0.00210568
27,1000,0.546703,0.458791,0.293333,0.483333,0.00702423,0.00718075,0.00424575,0.00394089,0.00277847,0.00323986
27,2000,0.491758,0.450549,0.603333,0.500000,0.00831765,0.00789377,0.00549451,0.00474359,0.00282314,0.00315018
27,3000,0.554945,0.439560,0.453333,0.590000,0.00793875,0.00948345,0.00646412,0.00696902,0.00147463,0.00251443
27,5000,0.571429,0.464286,0.560000,0.446667,0.00835623,0.00717566,0.00605050,0.00405937,0.00230573,0.00311629
27,8000,0.620879,0.480769,0.350000,0.373333,0.00695971,0.00677002,0.00559916,0.00402276,0.00136054,0.00274725
27,12000,0.670330,0.500000,0.163333,0.363333,0.00594304,0.00778808,0.00448531,0.00524246,0.00145773,0.00254562
27,20000,0.752747,0.585165,0.093333,0.093333,0.00696625,0.00696625,0.00598509,0.00461146,0.00098116,0.00235479
27,30000,0.846154,0.664835,0.016667,0.013333,0.00274725,0.00618132,-0.00219780,0.00618132,0.00494505,0.00000000
27,50000,0.873626,0.714286,0.003333,0.000000,0.00274725,-1.00000000,0.00274725,-1.00000000,0.00000000,-1.00000000
27,80000,0.909341,0.730769,0.000000,0.000000,-1.00000000,-1.00000000,-1.00000000,-1.00000000,-1.00000000,-1.00000000
27,120000,0.912088,0.736264,0.000000,0.000000,-1.00000000,-1.00000000,-1.00000000,-1.00000000,-1.00000000,-1.00000000
27,200000,0.925824,0.736264,0.000000,0.000000,-1.00000000,-1.00000000,-1.00000000,-1.00000000,-1.00000000,-1.00000000
27,300000,0.931319,0.752747,0.000000,0.000000,-1.00000000,-1.00000000,-1.00000000,-1.00000000,-1.00000000,-1.00000000
28,0,0.266484,0.247253,0.783333,0.946667,0.01177227,0.01393941,0.00861585,0.01107607,0.00315642,0.00286333
28,500,0.508242,0.480769,0.503333,0.423333,0.00825995,0.00778749,0.00584019,0.00540798,0.00241977,0.00237951
28,1000,0.491758,0.489011,0.493333,0.346667,0.00824176,0.00750211,0.00551307,0.00427937,0.00272869,0.00322274
28,2000,0.491758,0.491758,0.623333,0.353333,0.01046013,0.00684221,0.00846213,0.00380987,0.00199800,0.00303235
28,3000,0.546703,0.486264,0.466667,0.380000,0.00886970,0.00775978,0.00692700,0.00469925,0.00194270,0.00306054
28,5000,0.598901,0.505495,0.286667,0.246667,0.00731536,0.00664538,0.00568617,0.00341550,0.00162918,0.00322988
28,8000,0.576923,0.497253,0.373333,0.343333,0.00711342,0.00736157,0.00546998,0.00442761,0.00164345,0.00293396
28,12000,0.653846,0.552198,0.116667,0.070000,0.00572998,0.00523286,0.00361068,0.00222397,0.00211931,0.00300890
28,20000,0.719780,0.629121,0.110000,0.030000,0.00516151,0.00457875,0.00333000,0.00335775,0.00183150,0.00122100
28,30000,0.837912,0.706044,0.003333,0.000000,0.00274725,-1.00000000,-0.00549451,-1.00000000,0.00824176,-1.00000000
28,50000,0.898352,0.736264,0.000000,0.000000,-1.00000000,-1.00000000,-1.00000000,-1.00000000,-1.00000000,-1.00000000
28,80000,0.912088,0.750000,0.000000,0.000000,-1.00000000,-1.00000000,-1.00000000,-1.00000000,-1.00000000,-1.00000000
28,120000,0.914835,0.760989,0.000000,0.000000,-1.00000000,-1.00000000,-1.00000000,-1.00000000,-1.00000000,-1.00000000
28,200000,0.914835,0.766484,0.000000,0.000000,-1.00000000,-1.00000000,-1.00000000,-1.00000000,-1.00000000,-1.00000000
28,300000,0.920330,0.771978,0.000000,0.000000,-1.00000000,-1.00000000,-1.00000000,-1.00000000,-1.00000000,-1.00000000
29,0,0.269231,0.219780,0.776667,0.953333,0.01096543,0.01556136,0.00798236,0.01273726,0.00298307,0.00282410
29,500,0.491758,0.456044,0.493333,0.423333,0.00996807,0.00856624,0.00775913,0.00560267,0.00220894,0.00296357
29,1000,0.516484,0.489011,0.443333,0.466667,0.00927456,0.00696625,0.00696108,0.00335557,0.00231348,0.00361068
29,2000,0.500000,0.458791,0.506667,0.350000,0.00896472,0.00873888,0.00699465,0.00575615,0.00197007,0.00298273
29,3000,0.508242,0.483516,0.416667,0.386667,0.00894505,0.00876279,0.00694505,0.00539977,0.00200000,0.00336302
29,5000,0.489011,0.453297,0.533333,0.406667,0.00786401,0.00788146,0.00576923,0.00475140,0.00209478,0.00313007
29,8000,0.546703,0.467033,0.466667,0.440000,0.00745683,0.00747169,0.00421900,0.00455794,0.00323783,0.00291375
29,12000,0.568681,0.491758,0.350000,0.353333,0.00732601,0.00803442,0.00536368,0.00497616,0.00196232,0.00305826
29,20000,0.675824,0.612637,0.186667,0.043333,0.00515110,0.00486052,0.00372841,0.00211327,0.00142268,0.00274725
29,30000,0.851648,0.711538,0.003333,0.003333,0.00274725,0.00274725,0.00274725,-0.00274725,0.00000000,0.00549451
29,50000,0.892857,0.733516,0.000000,0.000000,-1.00000000,-1.00000000,-1.00000000,-1.00000000,-1.00000000,-1.00000000
29,80000,0.906593,0.733516,0.000000,0.000000,-1.00000000,-1.00000000,-1.00000000,-1.00000000,-1.00000000,-1.00000000
29,120000,0.920330,0.741758,0.000000,0.000000,-1.00000000,-1.00000000,-1.00000000,-1.00000000,-1.00000000,-1.00000000
29,200000,0.936813,0.747253,0.000000,0.000000,-1.00000000,-1.00000000,-1.00000000,-1.00000000,-1.00000000,-1.00000000
29,300000,0.936813,0.752747,0.000000,0.000000,-1.00000000,-1.00000000,-1.00000000,-1.00000000,-1.00000000,-1.00000000
30,0,0.241758,0.266484,0.850000,0.873333,0.01365008,0.01266672,0.01089205,0.00992996,0.00275803,0.00273677
30,500,0.486264,0.439560,0.526667,0.503333,0.00872861,0.00727749,0.00565099,0.00405720,0.00307762,0.00322029
30,1000,0.458791,0.480769,0.573333,0.310000,0.00950358,0.00658750,0.00686813,0.00372208,0.00263545,0.00286541
30,2000,0.502747,0.464286,0.486667,0.480000,0.00890035,0.00759310,0.00583321,0.00461691,0.00306714,0.00297619
30,3000,0.552198,0.467033,0.366667,0.570000,0.00879121,0.00870767,0.00646853,0.00597648,0.00232268,0.00273119
30,5000,0.565934,0.439560,0.453333,0.600000,0.00917098,0.00909646,0.00757515,0.00604396,0.00159583,0.00305250
30,8000,0.659341,0.516484,0.236667,0.316667,0.00673270,0.00636206,0.00530104,0.00300752,0.00143167,0.00335454
30,12000,0.626374,0.538462,0.396667,0.266667,0.00657955,0.00487637,0.00464032,0.00123626,0.00193924,0.00364011
30,20000,0.750000,0.560440,0.040000,0.156667,0.00480769,0.00549451,0.00320513,0.00227964,0.00160256,0.00321487
30,30000,0.870879,0.706044,0.003333,0.006667,0.00549451,0.00274725,0.00549451,0.00000000,0.00000000,0.00274725
30,50000,0.906593,0.744505,0.000000,0.000000,-1.00000000,-1.00000000,-1.00000000,-1.00000000,-1.00000000,-1.00000000
30,80000,0.931319,0.755495,0.000000,0.000000,-1.00000000,-1.00000000,-1.00000000,-1.00000000,-1.00000000,-1.00000000
30,120000,0.934066,0.763736,0.000000,0.000000,-1.00000000,-1.00000000,-1.00000000,-1.00000000,-1.00000000,-1.00000000
30,200000,0.936813,0.771978,0.000000,0.000000,-1.00000000,-1.00000000,-1.00000000,-1.00000000,-1.00000000,-1.00000000
30,300000,0.936813,0.785714,0.000000,0.000000,-1.00000000,-1.00000000,-1.00000000,-1.00000000,-1.00000000,-1.00000000
